,daysSincePrev,event,prevDrop,prevImprove,speed,time,normSpeed,MF,dateDays
1968-10-13,115.0,M100m,0.03,0.299102691924,9.98003992016,10.02,0.980895352153,M,718718
1968-10-14,1.0,M100m,0.01,0.0998003992016,10.0502512563,9.95,0.987796123475,M,718719
1983-07-03,5375.0,M100m,0.07,0.70351758794,10.0704934542,9.93,0.989785642354,M,724094
1988-09-24,1910.0,M100m,0.02,0.201409869084,10.0806451613,9.92,0.990783410138,M,726004
1991-06-14,993.0,M100m,0.01,0.100806451613,10.101010101,9.9,0.992784992785,M,726997
1991-08-25,72.0,M100m,0.02,0.20202020202,10.1419878296,9.86,0.996812518111,M,727069
1994-07-06,1046.0,M100m,0.04,0.405679513185,10.152284264,9.85,0.997824510515,M,728115
1996-07-27,752.0,M100m,0.01,0.10152284264,10.162601626,9.84,0.998838559814,M,728867
1999-06-16,1054.0,M100m,0.01,0.10162601626,10.2145045965,9.79,1.00393988034,M,729921
2005-06-14,2190.0,M100m,0.05,0.510725229826,10.2354145343,9.77,1.00599502851,M,732111
2007-09-09,817.0,M100m,0.02,0.204708290686,10.2669404517,9.74,1.00909357583,M,732928
2008-05-31,265.0,M100m,0.03,0.308008213552,10.2880658436,9.72,1.01116990006,M,733193
2008-08-16,77.0,M100m,0.02,0.205761316872,10.3199174407,9.69,1.01430045702,M,733270
2009-08-16,365.0,M100m,0.03,0.30959752322,10.4384133612,9.58,1.02594691321,M,733635
1976-06-13,1380.0,W100m,0.01,0.0903342366757,9.05797101449,11.04,0.980298913043,W,721518
1976-07-25,42.0,W100m,0.03,0.271739130435,9.08265213442,11.01,0.982970027248,W,721560
1977-07-01,341.0,W100m,0.03,0.272479564033,9.19117647059,10.88,0.994715073529,W,721901
1983-06-08,2168.0,W100m,0.13,1.19485294118,9.25069380204,10.81,1.00115633673,W,724069
1983-07-03,25.0,W100m,0.07,0.647548566142,9.26784059314,10.79,1.00301204819,W,724094
1984-08-22,416.0,W100m,0.02,0.185356811863,9.2936802974,10.76,1.00580855019,W,724510
1988-07-16,1424.0,W100m,0.03,0.278810408922,9.5328884652,10.49,1.03169685415,W,725934
1968-10-16,127.0,M200m,0.2,1.0,10.0857286939,19.83,1.00126071609,M,718721
1979-09-12,3983.0,M200m,0.17,0.857286938981,10.1419878296,19.72,1.00684584178,M,722704
1996-06-23,6129.0,M200m,0.11,0.557809330629,10.1729399797,19.66,1.00991861648,M,728833
1996-08-01,39.0,M200m,0.06,0.30518819939,10.3519668737,19.32,1.02769151139,M,728872
2008-08-20,4402.0,M200m,0.34,1.75983436853,10.3626943005,19.3,1.02875647668,M,733274
2009-08-20,365.0,M200m,0.02,0.103626943005,10.4220948411,19.19,1.03465346535,M,733639
1979-06-03,371.0,W200m,0.15,0.679963735267,9.08265213442,22.02,1.00272479564,W,722603
1979-06-10,7.0,W200m,0.04,0.181653042688,9.21234454169,21.71,1.0170428374,W,722610
1988-09-29,3399.0,W200m,0.31,1.42791340396,9.27643784787,21.56,1.0241187384,W,726009
1988-09-29,0.0,W200m,0.15,0.69573283859,9.37207122774,21.34,1.03467666354,W,726009
1968-09-14,483.0,M400m,0.4,0.898876404494,9.05182167911,44.19,0.996673455533,M,718689
1968-10-18,34.0,M400m,0.31,0.701516180131,9.11992704058,43.86,1.00417236662,M,718723
1988-08-17,7243.0,M400m,0.33,0.752393980848,9.24000924001,43.29,1.01739431739,M,725966
1999-08-26,4026.0,M400m,0.57,1.3167013167,9.26354793886,43.18,1.01998610468,M,729992
1976-06-22,44.0,W400m,0.37,0.743419730762,8.04020100503,49.75,1.0048241206,W,721527
1976-07-29,37.0,W400m,0.02,0.0402010050251,8.11523635626,49.29,1.01420166362,W,721564
1978-07-02,703.0,W400m,0.46,0.93325218097,8.1317340923,49.19,1.01626346818,W,722267
1978-08-19,48.0,W400m,0.1,0.203293352307,8.15827044667,49.03,1.01957984907,W,722315
1978-08-31,12.0,W400m,0.16,0.326330817867,8.173273396,48.94,1.02145484266,W,722327
1979-07-29,332.0,W400m,0.09,0.18389865141,8.18163223563,48.89,1.02249948865,W,722659
1979-08-04,6.0,W400m,0.05,0.102270402945,8.2304526749,48.6,1.02860082305,W,722665
1982-09-08,1131.0,W400m,0.29,0.59670781893,8.30564784053,48.16,1.03799833887,W,723796
1983-08-10,336.0,W400m,0.44,0.913621262458,8.33506980621,47.99,1.04167534903,W,724132
1985-10-06,788.0,W400m,0.17,0.354240466764,8.40336134454,47.6,1.05021008403,W,724920
1928-07-14,742.0,M800m,0.3,0.268817204301,7.23327305606,110.6,0.935488245931,M,704017
1932-08-02,1480.0,M800m,1.0,0.904159132007,7.28597449909,109.8,0.942304189435,M,705497
1936-08-20,1479.0,M800m,0.8,0.728597449909,7.29261622607,109.7,0.943163172288,M,706976
1937-07-11,325.0,M800m,0.1,0.0911577028259,7.29927007299,109.6,0.944023722628,M,707301
1938-08-20,405.0,M800m,0.1,0.0912408759124,7.38007380074,108.4,0.954474169742,M,707706
1939-07-15,329.0,M800m,1.2,1.10701107011,7.50469043152,106.6,0.970590994371,M,708035
1955-08-03,5863.0,M800m,1.8,1.68855534709,7.56859035005,105.7,0.97885525071,M,713898
1962-02-02,2375.0,M800m,0.9,0.85146641438,7.67018216683,104.3,0.991994247363,M,716273
1973-06-27,4163.0,M800m,1.4,1.34228187919,7.71456123433,103.7,0.997733847637,M,720436
1976-07-16,1115.0,M800m,0.6,0.578592092575,7.72946859903,103.5,0.999661835749,M,721551
1977-08-21,401.0,M800m,0.2,0.193236714976,7.73694390716,103.4,1.00062862669,M,721952
1979-07-05,683.0,M800m,0.1,0.0967117988395,7.8125,102.4,1.01040039062,M,722635
1981-06-10,706.0,M800m,1.0,0.9765625,7.86395360267,101.73,1.01705494938,M,723341
1997-08-13,5908.0,M800m,0.67,0.658606114224,7.90201501383,101.24,1.02197747926,M,729249
1997-08-24,11.0,M800m,0.49,0.483998419597,7.91217485906,101.11,1.02329146474,M,729260
2010-08-22,4746.0,M800m,0.13,0.12857284146,7.91374023148,101.09,1.02349391631,M,734006
2010-08-29,7.0,M800m,0.02,0.0197843505787,7.92000792001,101.01,1.0243045243,M,734013
2012-08-09,711.0,M800m,0.08,0.0792000792001,7.9278565058,100.91,1.02531959172,M,734724
1927-08-07,1803.0,W800m,3.8,2.59208731241,5.56328233658,143.8,0.820299026426,W,703675
1928-06-16,314.0,W800m,2.8,1.9471488178,5.69800569801,140.4,0.840163817664,W,703989
1928-07-01,15.0,W800m,3.4,2.42165242165,5.73065902579,139.6,0.844978510029,W,704004
1928-08-02,32.0,W800m,0.8,0.573065902579,5.84795321637,136.8,0.862273391813,W,704036
1944-08-28,5870.0,W800m,2.8,2.04678362573,5.88668138337,135.9,0.867983811626,W,709906
1945-08-19,356.0,W800m,0.9,0.662251655629,5.93471810089,134.8,0.875066765579,W,710262
1945-08-30,11.0,W800m,1.1,0.816023738872,5.97907324365,133.8,0.881606875934,W,710273
1950-07-17,1782.0,W800m,1.0,0.747384155456,6.01503759398,133.0,0.886909774436,W,712055
1951-07-26,374.0,W800m,0.8,0.601503759398,6.05143721634,132.2,0.892276853253,W,712429
1951-08-26,31.0,W800m,0.8,0.605143721634,6.06060606061,132.0,0.893628787879,W,712460
1952-06-15,294.0,W800m,0.2,0.151515151515,6.22568093385,128.5,0.917968871595,W,712754
1953-08-27,438.0,W800m,3.5,2.72373540856,6.28436763551,127.3,0.926622152396,W,713192
1954-09-16,385.0,W800m,1.2,0.942655145326,6.31911532385,126.6,0.931745655608,W,713577
1955-09-24,373.0,W800m,0.7,0.552922590837,6.4,125.0,0.943672,W,713950
1960-07-03,1744.0,W800m,1.6,1.28,6.43604183427,124.3,0.948986323411,W,715694
1962-03-03,608.0,W800m,0.7,0.563153660499,6.60066006601,121.2,0.973259075908,W,716302
1964-10-20,962.0,W800m,3.1,2.55775577558,6.60611065235,121.1,0.974062758051,W,717264
1967-06-28,981.0,W800m,0.1,0.0825763831544,6.61157024793,121.0,0.974867768595,W,718245
1968-07-20,388.0,W800m,0.1,0.0826446280992,6.63900414938,120.5,0.978912863071,W,718633
1971-07-11,1086.0,W800m,0.5,0.414937759336,6.75105485232,118.5,0.995434599156,W,719719
1973-08-24,775.0,W800m,2.0,1.68776371308,6.8085106383,117.5,1.00390638298,W,720494
1976-06-12,1023.0,W800m,1.0,0.851063829787,6.89655172414,116.0,1.01688793103,W,721517
1976-07-26,44.0,W800m,1.5,1.29310344828,6.96257615318,114.9,1.02662315057,W,721561
1980-07-27,1462.0,W800m,1.1,0.957354221062,7.04845814978,113.5,1.03928634361,W,723023
1983-07-26,1094.0,W800m,1.4,1.23348017621,7.06214689266,113.28,1.04130473164,W,724117
1924-06-19,2510.0,M1500m,1.1,0.46868342565,6.44883920894,232.6,0.904146603611,M,702531
1926-09-11,814.0,M1500m,2.1,0.902837489252,6.49350649351,231.0,0.910409090909,M,703345
1930-10-05,1485.0,M1500m,1.6,0.692640692641,6.5445026178,229.2,0.917558900524,M,704830
1933-09-17,1078.0,M1500m,1.8,0.785340314136,6.55021834061,229.0,0.918360262009,M,705908
1934-06-30,286.0,M1500m,0.2,0.0873362445415,6.55594405594,228.8,0.919163024476,M,706194
1936-08-06,768.0,M1500m,0.2,0.0874125874126,6.58472344162,227.8,0.923197980685,M,706962
1941-08-10,1830.0,M1500m,1.0,0.438981562774,6.59050966608,227.6,0.924009226714,M,708792
1942-07-17,341.0,M1500m,0.2,0.0878734622144,6.6430469442,225.8,0.931375110717,M,709133
1943-08-17,396.0,M1500m,1.8,0.797165633304,6.66666666667,225.0,0.934686666667,M,709529
1944-07-07,325.0,M1500m,0.8,0.355555555556,6.7264573991,223.0,0.943069506726,M,709854
1954-06-04,3619.0,M1500m,2.0,0.896860986547,6.73249551167,222.8,0.943916068223,M,713473
1954-06-21,17.0,M1500m,0.2,0.0897666068223,6.76284941389,221.8,0.948171776375,M,713490
1955-07-28,402.0,M1500m,1.0,0.450856627592,6.79347826087,220.8,0.952466032609,M,713892
1956-08-03,372.0,M1500m,1.0,0.452898550725,6.79963735267,220.6,0.953329555757,M,714264
1957-07-11,342.0,M1500m,0.2,0.090661831369,6.81198910082,220.2,0.955061307902,M,714606
1957-07-12,1.0,M1500m,0.4,0.181653042688,6.87757909216,218.1,0.964257221458,M,714607
1958-08-28,412.0,M1500m,2.1,0.962861072902,6.94444444444,216.0,0.973631944444,M,715019
1960-09-06,740.0,M1500m,2.1,0.972222222222,6.9573283859,215.6,0.975438311688,M,715759
1967-07-08,2496.0,M1500m,0.4,0.185528756957,7.03894885031,213.1,0.986881745659,M,718255
1974-02-02,2401.0,M1500m,2.5,1.17315814172,7.06880301602,212.2,0.991067389255,M,720656
1979-08-15,2020.0,M1500m,0.9,0.424128180961,7.07213578501,212.1,0.991534653465,M,722676
1980-08-27,378.0,M1500m,0.1,0.0471475719,7.09555345317,211.4,0.994817880795,M,723054
1983-08-28,1096.0,M1500m,0.7,0.331125827815,7.10092785457,211.24,0.995571387995,M,724150
1983-09-04,7.0,M1500m,0.16,0.0757432304488,7.11676234758,210.77,0.997791431418,M,724157
1985-07-16,681.0,M1500m,0.47,0.222991886891,7.1540992989,209.67,1.003026184,M,724838
1985-08-23,38.0,M1500m,1.1,0.524633948586,7.16127184188,209.46,1.00403179605,M,724876
1992-09-06,2571.0,M1500m,0.21,0.100257805786,7.18184429762,208.86,1.00691611606,M,727447
1995-07-12,1039.0,M1500m,0.6,0.287273771905,7.23344746106,207.37,1.01415103438,M,728486
1998-07-14,1098.0,M1500m,1.49,0.718522447799,7.28155339806,206.0,1.02089563107,M,729584
1969-07-02,617.0,W1500m,1.7,0.66510172144,5.94294770206,252.4,0.946893819334,W,718980
1969-09-20,80.0,W1500m,3.2,1.26782884311,5.98324690866,250.7,0.953314718787,W,719060
1971-08-15,694.0,W1500m,1.7,0.678101316314,6.00961538462,249.6,0.957516025641,W,719754
1972-07-18,338.0,W1500m,1.1,0.440705128205,6.07533414338,246.9,0.967987039287,W,720092
1972-09-04,48.0,W1500m,2.7,1.09356014581,6.08519269777,246.5,0.969557809331,W,720140
1972-09-07,3.0,W1500m,0.4,0.162271805274,6.11995104039,245.1,0.975095879233,W,720143
1972-09-09,2.0,W1500m,1.4,0.571195430437,6.21375310688,241.4,0.990041425021,W,720145
1976-06-28,1388.0,W1500m,3.7,1.53272576636,6.35593220339,236.0,1.01269491525,W,721533
1980-07-06,1469.0,W1500m,5.4,2.28813559322,6.3829787234,235.0,1.01700425532,W,723002
1980-08-03,28.0,W1500m,1.0,0.425531914894,6.45244547684,232.47,1.02807243945,W,723030
1993-09-11,4787.0,W1500m,2.53,1.08831247043,6.50872168706,230.46,1.03703896555,W,727817
2015-07-17,7979.0,W1500m,2.01,0.872168706066,6.51975485722,230.07,1.0387968879,W,735796
1924-06-19,646.0,M5000m,1.2,0.137080191912,5.75904169546,868.2,0.900059894034,M,702531
1932-06-19,2922.0,M5000m,7.2,0.829302004147,5.83430571762,857.0,0.911822637106,M,705453
1939-06-16,2553.0,M5000m,11.2,1.30688448075,5.89066918002,848.8,0.920631479736,M,708006
1942-09-20,1192.0,M5000m,8.2,0.966069745523,5.96516344548,838.2,0.932273920305,M,709198
1954-05-30,4270.0,M5000m,10.6,1.26461465044,5.97228858098,837.2,0.933387482083,M,713468
1954-08-29,91.0,M5000m,1.0,0.11944577162,5.97657183839,836.6,0.934056896964,M,713559
1954-10-13,45.0,M5000m,0.6,0.0717188620607,6.01250601251,831.6,0.939672919673,M,713604
1954-10-23,10.0,M5000m,5.0,0.601250601251,6.01539942252,831.2,0.940125120308,M,713614
1955-09-10,322.0,M5000m,0.4,0.0481231953802,6.01829561868,830.8,0.940577756379,M,713936
1955-09-18,8.0,M5000m,0.4,0.0481463649495,6.04741170779,826.8,0.945128205128,M,713944
1955-09-23,5.0,M5000m,4.0,0.483792936623,6.09310260785,820.6,0.952269071411,M,713949
1956-06-19,270.0,M5000m,6.2,0.755544723373,6.12144955926,816.8,0.956699314398,M,714219
1957-10-13,481.0,M5000m,3.8,0.465230166503,6.13496932515,815.0,0.958812269939,M,714700
1965-01-16,2652.0,M5000m,1.8,0.220858895706,6.13647520864,814.8,0.959047619048,M,717352
1965-02-01,16.0,M5000m,0.2,0.0245459008346,6.14552605703,813.6,0.960462143559,M,717368
1965-06-04,123.0,M5000m,1.2,0.147492625369,6.20501365103,805.8,0.96975924547,M,717491
1965-11-30,179.0,M5000m,7.8,0.967982129561,6.21735886595,804.2,0.971688634668,M,717670
1966-07-05,217.0,M5000m,1.6,0.198955483711,6.27667587246,796.6,0.980959076073,M,717887
1972-09-14,2263.0,M5000m,7.6,0.954054732614,6.27825213461,796.4,0.98120542441,M,720150
1972-09-20,6.0,M5000m,0.2,0.0251130085384,6.3051702396,793.0,0.985412358134,M,720156
1977-07-05,1749.0,M5000m,3.4,0.428751576293,6.30596544331,792.9,0.985536637659,M,721905
1978-04-08,277.0,M5000m,0.1,0.0126119308866,6.34195839675,788.4,0.991161846778,M,722182
1981-09-13,1254.0,M5000m,4.5,0.570776255708,6.35970490969,786.2,0.993935385398,M,723436
1982-07-07,297.0,M5000m,2.2,0.279827016026,6.40688868672,780.41,1.00130956805,M,723733
1985-07-22,1111.0,M5000m,5.79,0.741917709922,6.40697078421,780.4,1.00132239877,M,724844
1987-07-27,735.0,M5000m,0.00999999999999,0.00128139415684,6.42351520446,778.39,1.00390806665,M,725579
1994-06-04,2504.0,M5000m,2.01,0.258225311219,6.43533772652,776.96,1.00575576606,M,728083
1995-06-08,369.0,M5000m,1.43,0.184050658979,6.44911647104,775.3,1.00790919644,M,728452
1995-08-16,69.0,M5000m,1.66,0.214110666839,6.54116354217,764.39,1.02229490182,M,728521
1997-08-13,728.0,M5000m,10.91,1.4272818849,6.56288556953,761.86,1.02568975927,M,729249
1997-08-22,9.0,M5000m,2.53,0.332082009818,6.58119883118,759.74,1.02855187301,M,729258
1998-06-13,295.0,M5000m,2.12,0.279042830442,6.58449220396,759.36,1.02906658239,M,729553
2004-05-31,2179.0,M5000m,0.38,0.0500421407501,6.60196738628,757.35,1.03179771572,M,731732
1982-07-05,110.0,W5000m,1.29,0.141258404328,5.50503159888,908.26,0.962039504107,W,723731
1984-06-28,724.0,W5000m,4.96,0.546099134609,5.56241586846,898.89,0.972067772475,W,724455
1985-08-26,424.0,W5000m,9.37,1.04239673375,5.6301868096,888.07,0.983911178173,W,724879
1986-08-05,344.0,W5000m,10.82,1.2183724256,5.69910979905,877.33,0.995955911687,W,725223
1995-07-22,3273.0,W5000m,10.74,1.22416878484,5.7048319927,876.45,0.996955901649,W,728496
1997-10-21,822.0,W5000m,0.88,0.100405043071,5.73874918223,871.27,1.00288314759,W,729318
1997-10-23,2.0,W5000m,5.18,0.594534415279,5.75977145227,868.09,1.00655692382,W,729320
2004-06-11,2423.0,W5000m,3.18,0.366321464364,5.78248600638,864.68,1.01052643753,W,731743
2006-06-03,722.0,W5000m,3.41,0.394365545635,5.78348929476,864.53,1.01070176859,W,732465
2007-06-15,377.0,W5000m,0.15,0.0173504678843,5.83682570071,856.63,1.02002264688,W,732842
2008-06-06,357.0,W5000m,7.9,0.922218460712,5.87440521647,851.15,1.02658990777,W,733199
1924-05-25,1068.0,M10000m,18.6,1.01075970003,5.44840361774,1835.4,0.887813283208,M,702506
1924-07-06,42.0,M10000m,4.8,0.261523373652,5.48486178148,1823.2,0.893754113646,M,702548
1924-08-31,56.0,M10000m,12.2,0.669153137341,5.53648543904,1806.2,0.902166149928,M,702604
1937-07-18,4704.0,M10000m,17.0,0.941202524637,5.53832521046,1805.6,0.9024659393,M,707308
1938-09-29,438.0,M10000m,0.6,0.0332299512628,5.54938956715,1802.0,0.904268867925,M,707746
1939-09-17,353.0,M10000m,3.6,0.199778024417,5.57848934509,1792.6,0.909010654915,M,708099
1944-08-25,1804.0,M10000m,9.4,0.524377998438,5.63253351357,1775.4,0.917817111637,M,709903
1949-06-11,1751.0,M10000m,17.2,0.968795764335,5.65546883837,1768.2,0.92155440561,M,711654
1949-09-01,82.0,M10000m,7.2,0.407193756362,5.65866908103,1767.2,0.922075882752,M,711736
1949-10-22,51.0,M10000m,1.0,0.0565866908103,5.67794685442,1761.2,0.925217181467,M,711787
1950-08-04,286.0,M10000m,6.0,0.340676811265,5.73855158958,1742.6,0.935092677608,M,712073
1953-11-01,1185.0,M10000m,18.6,1.06737059566,5.74184657786,1741.6,0.935629593477,M,713258
1954-06-01,212.0,M10000m,1.0,0.0574184657786,5.76634759543,1734.2,0.939622015915,M,713470
1956-07-15,775.0,M10000m,7.4,0.426709722062,5.80450429533,1722.8,0.945839621546,M,714245
1956-09-11,58.0,M10000m,11.4,0.661713489668,5.84658559401,1710.4,0.952696737605,M,714303
1960-10-15,1495.0,M10000m,12.4,0.724976613658,5.88650812338,1698.8,0.959202083824,M,715798
1962-08-11,665.0,M10000m,11.6,0.682834942312,5.88858791662,1698.2,0.959540984572,M,716463
1963-12-18,494.0,M10000m,0.6,0.0353315274997,5.89761736259,1695.6,0.96101232602,M,716957
1965-07-14,574.0,M10000m,2.6,0.153338051427,6.02627455707,1659.4,0.981976919368,M,717531
1972-09-03,2608.0,M10000m,36.2,2.18151138966,6.02990834539,1658.4,0.982569042451,M,720139
1973-07-13,313.0,M10000m,1.0,0.0602990834539,6.05766900897,1650.8,0.987092621759,M,720452
1977-06-30,1448.0,M10000m,7.6,0.460382844681,6.05877006968,1650.5,0.987272038776,M,721900
1978-06-11,346.0,M10000m,0.3,0.018176310209,6.08865075499,1642.4,0.992141074038,M,722246
1984-07-02,2213.0,M10000m,8.1,0.493180711154,6.12066274536,1633.81,0.99735740386,M,724459
1989-08-18,1873.0,M10000m,8.59,0.525764929827,6.14163846631,1628.23,1.00077538186,M,726332
1993-07-05,1417.0,M10000m,5.58,0.34270342642,6.14284573472,1627.91,1.00097210534,M,727749
1993-07-10,5.0,M10000m,0.32,0.0196571063511,6.1790185247,1618.38,1.00686643434,M,727754
1994-07-22,377.0,M10000m,9.53,0.588860465404,6.20258896063,1612.23,1.01070721919,M,728131
1995-06-05,318.0,M10000m,6.15,0.381459221079,6.23624129265,1603.53,1.01619084146,M,728449
1996-08-23,445.0,M10000m,8.7,0.54255299246,6.25750901081,1598.08,1.01965640018,M,728894
1997-07-04,315.0,M10000m,5.45,0.341034241089,6.28409119473,1591.32,1.02398794711,M,729209
1997-08-22,49.0,M10000m,6.76,0.424804564764,6.29782410177,1587.85,1.02622571402,M,729258
1998-06-01,283.0,M10000m,3.47,0.218534496332,6.31811720107,1582.75,1.02953245933,M,729541
2004-06-08,2199.0,M10000m,5.1,0.322223977255,6.32787237947,1580.31,1.03112205833,M,731740
2005-08-26,444.0,M10000m,2.44,0.154400086059,6.33902366358,1577.53,1.03293915171,M,732184
1983-05-29,317.0,W10000m,41.9,2.21073181027,5.27701700783,1895.01,0.99000612134,W,724059
1983-09-07,101.0,W10000m,0.29,0.0153033493227,5.297788703,1887.58,0.993903039871,W,724160
1984-06-24,291.0,W10000m,7.43,0.393625700633,5.33680581498,1873.78,1.00122292905,W,724451
1985-07-27,398.0,W10000m,13.8,0.736479202468,5.37802110335,1859.42,1.00895521184,W,724849
1986-07-05,343.0,W10000m,14.36,0.772283830442,5.51346940576,1813.74,1.03436628183,W,725192
1993-09-08,2622.0,W10000m,45.68,2.51855282455,5.6440415853,1771.78,1.0588625563,W,727814
1979-04-14,601.0,M110mHurdles,0.03,0.227100681302,8.35866261398,13.16,0.992477203647,M,722553
1979-05-06,22.0,M110mHurdles,0.05,0.379939209726,8.46153846154,13.0,1.00469230769,M,722575
1981-08-19,836.0,M110mHurdles,0.16,1.23076923077,8.50734725445,12.93,1.01013147718,M,723411
1989-08-16,2919.0,M110mHurdles,0.07,0.541376643465,8.51393188854,12.92,1.01091331269,M,726330
1993-08-20,1465.0,M110mHurdles,0.01,0.077399380805,8.52052672347,12.91,1.01169635941,M,727795
2006-07-11,4708.0,M110mHurdles,0.01,0.0774593338497,8.54037267081,12.88,1.01405279503,M,732503
2008-06-12,702.0,M110mHurdles,0.03,0.232919254658,8.54700854701,12.87,1.01484071484,M,733205
2012-09-07,1548.0,M110mHurdles,0.01,0.0777000777001,8.59375,12.8,1.020390625,M,734753
1977-06-11,321.0,M400mHurdles,0.18,0.377833753149,8.42992623815,47.45,1.0166280295,M,721881
1980-07-03,1118.0,M400mHurdles,0.19,0.400421496312,8.48716316571,47.13,1.02353065988,M,722999
1983-08-31,1154.0,M400mHurdles,0.32,0.678973053257,8.50701829009,47.02,1.02592513824,M,724153
1992-08-06,3263.0,M400mHurdles,0.11,0.233943002977,8.55066267636,46.78,1.03118854211,M,727416
1980-06-13,734.0,W100mHurdles,0.11,0.88141025641,8.09061488673,12.36,1.01073845249,W,722979
1986-08-17,2256.0,W100mHurdles,0.12,0.970873786408,8.0971659919,12.35,1.01155686419,W,725235
1986-08-17,0.0,W100mHurdles,0.01,0.080971659919,8.13669650122,12.29,1.01649530291,W,725235
1986-09-07,21.0,W100mHurdles,0.06,0.488201790073,8.15660685155,12.26,1.01898264867,W,725256
1987-08-08,335.0,W100mHurdles,0.03,0.244698205546,8.16326530612,12.25,1.01981447124,W,725591
1988-08-20,378.0,W100mHurdles,0.01,0.0816326530612,8.19000819001,12.21,1.02315538679,W,725969
2016-07-22,10198.0,W100mHurdles,0.04,0.3276003276,8.19672131148,12.2,1.02399403875,W,736167
1977-08-13,48.0,W400mHurdles,0.77,1.38141370649,7.19036491102,55.63,0.971660974294,W,721944
1978-08-18,370.0,W400mHurdles,0.11,0.197735035053,7.21500721501,55.44,0.974990981241,W,722314
1978-08-19,1.0,W400mHurdles,0.19,0.342712842713,7.23196528657,55.31,0.977282589044,W,722315
1978-09-02,14.0,W400mHurdles,0.13,0.235038871813,7.28730187648,54.89,0.984760429951,W,722329
1979-07-27,328.0,W400mHurdles,0.42,0.76516669703,7.30193501278,54.78,0.986737860533,W,722657
1980-05-17,295.0,W400mHurdles,0.11,0.200803212851,7.36919675755,54.28,0.995827192336,W,722952
1983-06-11,1120.0,W400mHurdles,0.5,0.921149594694,7.40466493891,54.02,1.00062014069,W,724072
1984-06-22,377.0,W400mHurdles,0.26,0.481303221029,7.46547219112,53.58,1.00883725271,W,724449
1985-09-22,457.0,W400mHurdles,0.44,0.821201941023,7.46965452848,53.55,1.00940242764,W,724906
1986-08-30,342.0,W400mHurdles,0.03,0.0560224089636,7.50187546887,53.32,1.01375656414,W,725248
1986-09-19,20.0,W400mHurdles,0.23,0.43135783946,7.55572346052,52.94,1.02103324518,W,725268
1993-08-19,2526.0,W400mHurdles,0.38,0.71779372875,7.58437618506,52.74,1.0249051953,W,727794
1995-08-11,722.0,W400mHurdles,0.2,0.379218809253,7.60311727808,52.61,1.02743774948,W,728516
2003-08-08,2919.0,W400mHurdles,0.13,0.247101311538,7.6423385556,52.34,1.03273786779,W,731435
1931-10-27,2327.0,MLong_jump,-0.2,2.60078023407,7.98,7.98,0.954488367921,M,705217
1935-05-25,1306.0,MLong_jump,-0.09,1.14068441065,8.13,8.13,0.972429878596,M,706523
1960-08-12,9211.0,MLong_jump,-0.15,1.87969924812,8.21,8.21,0.981998684289,M,715734
1961-05-27,288.0,MLong_jump,-0.08,0.984009840098,8.24,8.24,0.985586986424,M,716022
1961-07-16,50.0,MLong_jump,-0.03,0.365408038977,8.28,8.28,0.990371389271,M,716072
1962-06-10,329.0,MLong_jump,-0.04,0.485436893204,8.31,8.31,0.993959691406,M,716401
1964-09-12,825.0,MLong_jump,-0.03,0.36231884058,8.34,8.34,0.997547993541,M,717226
1965-05-29,259.0,MLong_jump,-0.03,0.361010830325,8.35,8.35,0.998744094253,M,717485
1968-10-18,1238.0,MLong_jump,-0.01,0.119904076739,8.9,8.9,1.0645296334,M,718723
1991-08-30,8351.0,MLong_jump,-0.55,6.58682634731,8.95,8.95,1.07051013695,M,727074
1932-08-14,292.0,MTriple_jump,-0.06,0.386597938144,15.72,15.72,0.885284676466,M,705509
1935-12-14,1217.0,MTriple_jump,-0.14,0.898587933248,15.78,15.78,0.888663625612,M,706726
1936-08-06,236.0,MTriple_jump,-0.06,0.381679389313,16.0,16.0,0.901053105817,M,706962
1951-09-30,5533.0,MTriple_jump,-0.22,1.39416983523,16.01,16.01,0.901616264009,M,712495
1952-07-23,297.0,MTriple_jump,-0.01,0.0625,16.12,16.12,0.907811004111,M,712792
1952-07-23,0.0,MTriple_jump,-0.11,0.687070580887,16.22,16.22,0.913442586022,M,712792
1953-07-19,361.0,MTriple_jump,-0.1,0.620347394541,16.23,16.23,0.914005744214,M,713153
1955-03-26,615.0,MTriple_jump,-0.01,0.0616522811344,16.56,16.56,0.932589964521,M,713768
1958-07-19,1211.0,MTriple_jump,-0.33,2.03327171904,16.59,16.59,0.934279439094,M,714979
1959-05-03,288.0,MTriple_jump,-0.03,0.18115942029,16.7,16.7,0.940474179197,M,715267
1960-08-05,460.0,MTriple_jump,-0.11,0.663050030139,17.03,17.03,0.959058399504,M,715727
1968-10-16,2994.0,MTriple_jump,-0.33,1.97604790419,17.1,17.1,0.963000506842,M,718721
1968-10-17,1.0,MTriple_jump,-0.07,0.411039342337,17.22,17.22,0.969758405136,M,718722
1968-10-17,0.0,MTriple_jump,-0.12,0.701754385965,17.23,17.23,0.970321563327,M,718722
1968-10-17,0.0,MTriple_jump,-0.01,0.0580720092915,17.27,17.27,0.972574196092,M,718722
1968-10-17,0.0,MTriple_jump,-0.04,0.232153221126,17.39,17.39,0.979332094385,M,718722
1971-08-05,1022.0,MTriple_jump,-0.12,0.694846554719,17.4,17.4,0.979895252576,M,719744
1972-10-17,439.0,MTriple_jump,-0.01,0.0575043128235,17.44,17.44,0.982147885341,M,720183
1975-10-15,1093.0,MTriple_jump,-0.04,0.229885057471,17.89,17.89,1.00749000394,M,721276
1985-06-16,3532.0,MTriple_jump,-0.45,2.58027522936,17.97,17.97,1.01199526947,M,724808
1995-07-18,3684.0,MTriple_jump,-0.08,0.447177193963,17.98,17.98,1.01255842766,M,728492
1995-08-07,20.0,MTriple_jump,-0.01,0.0556483027268,18.16,18.16,1.0226952751,M,728512
1995-08-07,0.0,MTriple_jump,-0.18,1.00111234705,18.29,18.29,1.03001633159,M,728512
1928-05-20,631.0,WLong_jump,-0.2,3.77358490566,5.98,5.98,0.856499795389,W,703962
1939-07-30,4088.0,WLong_jump,-0.48,8.72727272727,6.12,6.12,0.876551630064,W,708050
1943-09-19,1512.0,WLong_jump,-0.14,2.34113712375,6.25,6.25,0.895171190833,W,709562
1954-02-20,3807.0,WLong_jump,-0.13,2.12418300654,6.28,6.28,0.899468012549,W,713369
1955-11-18,636.0,WLong_jump,-0.03,0.48,6.31,6.31,0.903764834265,W,714005
1956-08-20,276.0,WLong_jump,-0.03,0.477707006369,6.35,6.35,0.909493929887,W,714281
1961-06-23,1768.0,WLong_jump,-0.04,0.633914421553,6.42,6.42,0.919519847224,W,716049
1961-07-16,23.0,WLong_jump,-0.07,1.10236220472,6.48,6.48,0.928113490656,W,716072
1962-06-10,329.0,WLong_jump,-0.06,0.934579439252,6.53,6.53,0.935274860183,W,716401
1964-10-14,857.0,WLong_jump,-0.05,0.771604938272,6.76,6.76,0.968217160005,W,717258
1968-10-14,1461.0,WLong_jump,-0.23,3.52220520674,6.82,6.82,0.976810803437,W,718719
1976-05-19,2774.0,WLong_jump,-0.06,0.887573964497,6.99,6.99,1.00115945983,W,721493
1978-08-18,821.0,WLong_jump,-0.17,2.4926686217,7.07,7.07,1.01261765107,W,722314
1978-08-29,11.0,WLong_jump,-0.08,1.14449213162,7.09,7.09,1.01548219888,W,722325
1983-05-15,1720.0,WLong_jump,-0.02,0.2828854314,7.21,7.21,1.03266948575,W,724045
1985-09-22,861.0,WLong_jump,-0.12,1.69252468265,7.44,7.44,1.06561178557,W,724906
1986-06-21,272.0,WLong_jump,-0.23,3.19001386963,7.45,7.45,1.06704405947,W,725178
1988-06-11,721.0,WLong_jump,-0.01,0.134408602151,7.52,7.52,1.07706997681,W,725899
1993-06-18,739.0,WTriple_jump,-0.41,2.81980742779,14.97,14.97,1.01470887277,W,727732
1993-08-21,64.0,WTriple_jump,-0.02,0.133779264214,15.09,15.09,1.02284281163,W,727796
1995-08-10,719.0,WTriple_jump,-0.12,0.801603206413,15.5,15.5,1.0506337694,W,728515
1948-07-14,3609.0,MHammer,-1.23,2.12913276787,59.02,59.02,0.730409385674,M,711322
1949-09-04,417.0,MHammer,-0.02,0.0338983050848,59.57,59.57,0.737215979407,M,711739
1950-05-19,257.0,MHammer,-0.55,0.931887495764,59.88,59.88,0.741052423147,M,711996
1952-07-24,797.0,MHammer,-0.31,0.52039617257,60.34,60.34,0.746745210633,M,712793
1952-09-14,52.0,MHammer,-0.46,0.768203072812,61.25,61.25,0.758007029355,M,712845
1953-09-05,356.0,MHammer,-0.91,1.50812064965,62.36,62.36,0.771743973071,M,713201
1954-08-29,358.0,MHammer,-1.11,1.81224489796,63.34,63.34,0.78387208554,M,713559
1954-12-12,105.0,MHammer,-0.98,1.57152020526,64.05,64.05,0.792658779268,M,713664
1955-08-04,235.0,MHammer,-0.71,1.12093463846,64.33,64.33,0.79612395426,M,713899
1955-09-19,46.0,MHammer,-0.28,0.437158469945,64.52,64.52,0.798475323004,M,713945
1956-04-25,219.0,MHammer,-0.19,0.295352090782,65.85,65.85,0.814934904213,M,714164
1956-07-08,74.0,MHammer,-1.33,2.06137631742,66.38,66.38,0.821493985446,M,714238
1956-10-22,106.0,MHammer,-0.53,0.804859529233,67.32,67.32,0.833127072917,M,714344
1956-11-02,11.0,MHammer,-0.94,1.41608918349,68.54,68.54,0.848225335379,M,714355
1958-06-20,595.0,MHammer,-1.22,1.81224004753,68.68,68.68,0.849957922875,M,714950
1960-08-12,784.0,MHammer,-0.14,0.204260285964,70.33,70.33,0.870377704074,M,715734
1962-07-21,708.0,MHammer,-1.65,2.40244612697,70.67,70.67,0.874585416564,M,716442
1965-05-29,1043.0,MHammer,-0.34,0.483435233897,71.06,71.06,0.879411910301,M,717485
1965-06-20,22.0,MHammer,-0.39,0.551860761285,71.26,71.26,0.881887035295,M,717507
1965-09-04,76.0,MHammer,-0.2,0.281452293836,73.74,73.74,0.912578585219,M,717583
1968-09-14,1106.0,MHammer,-2.48,3.4802133034,73.76,73.76,0.912826097718,M,718689
1969-06-15,274.0,MHammer,-0.02,0.0271223216707,74.52,74.52,0.922231572694,M,718963
1969-09-20,97.0,MHammer,-0.76,1.03036876356,74.68,74.68,0.924211672689,M,719060
1969-10-12,22.0,MHammer,-0.16,0.214707461084,75.48,75.48,0.934112172665,M,719082
1971-09-04,692.0,MHammer,-0.8,1.07123727906,76.4,76.4,0.945497747636,M,719774
1974-07-04,1034.0,MHammer,-0.92,1.21886592475,76.6,76.6,0.94797287263,M,720808
1974-09-11,69.0,MHammer,-0.2,0.261780104712,76.66,76.66,0.948715410128,M,720877
1975-05-19,250.0,MHammer,-0.06,0.0783289817232,76.7,76.7,0.949210435127,M,721127
1975-05-19,0.0,MHammer,-0.04,0.0521784503,77.56,77.56,0.9598534726,M,721127
1975-05-19,0.0,MHammer,-0.86,1.12125162973,78.5,78.5,0.971486560071,M,721127
1975-08-14,87.0,MHammer,-0.94,1.21196493038,79.3,79.3,0.981387060047,M,721214
1978-07-09,1060.0,MHammer,-0.8,1.01910828025,80.14,80.14,0.991782585021,M,722274
1978-08-06,28.0,MHammer,-0.84,1.05926860025,80.32,80.32,0.994010197515,M,722302
1980-05-16,649.0,MHammer,-0.18,0.224606937859,80.38,80.38,0.994752735013,M,722951
1980-05-16,0.0,MHammer,-0.06,0.0747011952191,80.46,80.46,0.995742785011,M,722951
1980-05-16,0.0,MHammer,-0.08,0.0995272455835,80.64,80.64,0.997970397505,M,722951
1980-05-24,8.0,MHammer,-0.18,0.223713646532,81.66,81.66,1.01059353497,M,722959
1980-07-31,68.0,MHammer,-1.02,1.26488095238,81.8,81.8,1.01232612247,M,723027
1982-06-04,673.0,MHammer,-0.14,0.17144256674,83.98,83.98,1.0393049849,M,723700
1983-06-21,382.0,MHammer,-2.18,2.66503667482,84.14,84.14,1.0412850849,M,724082
1984-07-03,378.0,MHammer,-0.16,0.190521552751,86.34,86.34,1.06851145983,M,724460
1986-06-22,719.0,MHammer,-2.2,2.61468980271,86.66,86.66,1.07247165982,M,725179
1986-08-30,69.0,MHammer,-0.32,0.370627750753,86.74,86.74,1.07346170982,M,725248
1928-06-29,54.0,MShot_put,-0.25,1.60875160875,15.87,15.87,0.725951903808,M,704002
1928-08-26,58.0,MShot_put,-0.08,0.506649778341,16.04,16.04,0.733728326218,M,704060
1932-06-29,1403.0,MShot_put,-0.17,1.07120352867,16.05,16.05,0.73418576283,M,705463
1932-08-27,59.0,MShot_put,-0.01,0.0623441396509,16.16,16.16,0.739217565566,M,705522
1932-09-24,28.0,MShot_put,-0.11,0.685358255452,16.2,16.2,0.741047312015,M,705550
1934-04-21,574.0,MShot_put,-0.04,0.247524752475,16.48,16.48,0.753855537161,M,706124
1934-04-27,6.0,MShot_put,-0.28,1.72839506173,16.8,16.8,0.768493508757,M,706130
1934-06-30,64.0,MShot_put,-0.32,1.94174757282,16.89,16.89,0.772610438268,M,706194
1934-08-05,36.0,MShot_put,-0.09,0.535714285714,17.4,17.4,0.795939705498,M,706230
1948-04-17,5004.0,MShot_put,-0.51,3.01953818828,17.68,17.68,0.808747930644,M,711234
1949-07-28,467.0,MShot_put,-0.28,1.6091954023,17.79,17.79,0.81377973338,M,711701
1950-04-29,275.0,MShot_put,-0.11,0.622171945701,17.82,17.82,0.815152043217,M,711976
1950-08-20,113.0,MShot_put,-0.03,0.168634064081,17.9,17.9,0.818811536116,M,712089
1950-08-22,2.0,MShot_put,-0.08,0.448933782267,17.95,17.95,0.821098719177,M,712091
1953-05-09,991.0,MShot_put,-0.05,0.279329608939,18.0,18.0,0.823385902239,M,713082
1953-06-05,27.0,MShot_put,-0.05,0.278551532033,18.04,18.04,0.825215648689,M,713109
1954-05-08,337.0,MShot_put,-0.04,0.222222222222,18.42,18.42,0.842598239958,M,713446
1954-05-21,13.0,MShot_put,-0.38,2.10643015521,18.43,18.43,0.843055676571,M,713459
1954-06-11,21.0,MShot_put,-0.01,0.0542888165038,18.54,18.54,0.848087479306,M,713480
1956-05-05,694.0,MShot_put,-0.11,0.596852957135,18.62,18.62,0.851746972205,M,714174
1956-06-15,41.0,MShot_put,-0.08,0.431499460626,18.69,18.69,0.854949028492,M,714215
1956-09-03,80.0,MShot_put,-0.07,0.375939849624,19.06,19.06,0.871874183149,M,714295
1956-10-01,28.0,MShot_put,-0.37,1.9796682718,19.25,19.25,0.880565478784,M,714323
1959-08-01,1034.0,MShot_put,-0.19,0.99685204617,19.3,19.3,0.882852661845,M,715357
1960-03-05,217.0,MShot_put,-0.05,0.25974025974,19.38,19.38,0.886512154744,M,715574
1960-03-19,14.0,MShot_put,-0.08,0.414507772021,19.45,19.45,0.889714211031,M,715588
1960-03-26,7.0,MShot_put,-0.07,0.361197110423,19.67,19.67,0.899777816503,M,715595
1960-04-02,7.0,MShot_put,-0.22,1.13110539846,19.99,19.99,0.914415788098,M,715602
1960-08-12,132.0,MShot_put,-0.32,1.62684290798,20.06,20.06,0.917617844384,M,715734
1962-05-18,644.0,MShot_put,-0.07,0.350175087544,20.08,20.08,0.918532717609,M,716378
1964-04-04,687.0,MShot_put,-0.02,0.0997008973081,20.1,20.1,0.919447590834,M,717065
1964-05-29,55.0,MShot_put,-0.02,0.0996015936255,20.2,20.2,0.924021956957,M,717120
1964-07-25,57.0,MShot_put,-0.1,0.497512437811,20.68,20.68,0.94597891435,M,717177
1965-05-08,287.0,MShot_put,-0.48,2.37623762376,21.52,21.52,0.984403589788,M,717464
1967-04-23,715.0,MShot_put,-0.84,4.06189555126,21.78,21.78,0.99629694171,M,718179
1973-05-05,2204.0,MShot_put,-0.26,1.20817843866,21.82,21.82,0.998126688159,M,720383
1976-02-21,1022.0,MShot_put,-0.04,0.183654729109,21.85,21.85,0.999498997996,M,721405
1976-06-10,110.0,MShot_put,-0.03,0.137488542621,22.0,22.0,1.00636054718,M,721515
1978-07-06,756.0,MShot_put,-0.15,0.686498855835,22.15,22.15,1.01322209637,M,722271
1983-06-25,1815.0,MShot_put,-0.15,0.681818181818,22.22,22.22,1.01642415265,M,724086
1985-09-22,820.0,MShot_put,-0.07,0.316027088036,22.62,22.62,1.03472161715,M,724906
1986-08-20,332.0,MShot_put,-0.4,1.800180018,22.64,22.64,1.03563649037,M,725238
1987-08-12,357.0,MShot_put,-0.02,0.0884173297966,22.72,22.72,1.03929598327,M,725595
1987-08-12,0.0,MShot_put,-0.08,0.353356890459,22.84,22.84,1.04478522262,M,725595
1987-08-12,0.0,MShot_put,-0.12,0.528169014085,22.91,22.91,1.04798727891,M,725595
1988-05-22,284.0,MShot_put,-0.07,0.306479859895,23.06,23.06,1.05484882809,M,725879
1990-05-20,728.0,MShot_put,-0.15,0.654735923178,23.12,23.12,1.05759344777,M,726607
1925-05-02,230.0,MDiscus,-0.03,0.063051702396,47.89,47.89,0.715133686246,M,702848
1926-04-02,335.0,MDiscus,-0.28,0.588111741231,48.2,48.2,0.719762866508,M,703183
1929-04-09,1103.0,MDiscus,-0.31,0.647316767592,49.9,49.9,0.74514869375,M,704286
1930-05-17,403.0,MDiscus,-1.7,3.52697095436,51.03,51.03,0.762022802446,M,704689
1930-08-23,98.0,MDiscus,-1.13,2.26452905812,51.73,51.73,0.772475790134,M,704787
1934-08-25,1463.0,MDiscus,-0.7,1.37174211248,52.42,52.42,0.782779449426,M,706250
1935-04-28,246.0,MDiscus,-0.69,1.33384883047,53.1,53.1,0.792933780323,M,706496
1941-06-20,2245.0,MDiscus,-0.68,1.29721480351,53.26,53.26,0.795323034652,M,708741
1941-10-26,128.0,MDiscus,-0.16,0.30131826742,53.34,53.34,0.796517661816,M,708869
1946-04-14,1631.0,MDiscus,-0.08,0.150206533984,54.23,54.23,0.809807889019,M,710500
1946-06-08,55.0,MDiscus,-0.89,1.66854143232,54.93,54.93,0.820260876707,M,710555
1948-10-10,855.0,MDiscus,-0.7,1.29079845104,55.33,55.33,0.826234012529,M,711410
1949-07-09,272.0,MDiscus,-0.4,0.72819952667,56.46,56.46,0.843108121225,M,711682
1949-08-14,36.0,MDiscus,-1.13,2.04229170432,56.97,56.97,0.850723869397,M,711718
1953-06-20,1406.0,MDiscus,-0.51,0.903294367694,57.93,57.93,0.865059395369,M,713124
1953-07-11,21.0,MDiscus,-0.96,1.68509741969,58.1,58.1,0.867597978094,M,713145
1953-08-22,42.0,MDiscus,-0.17,0.293457621267,59.28,59.28,0.885218728767,M,713187
1959-01-14,1971.0,MDiscus,-1.18,2.03098106713,59.91,59.91,0.894626417686,M,715158
1961-08-11,940.0,MDiscus,-0.63,1.06275303644,60.56,60.56,0.904332763397,M,716098
1961-08-20,9.0,MDiscus,-0.65,1.0849607745,60.72,60.72,0.906722017725,M,716107
1962-05-18,271.0,MDiscus,-0.16,0.264200792602,61.1,61.1,0.912396496756,M,716378
1962-06-04,17.0,MDiscus,-0.38,0.62582345191,61.64,61.64,0.920460230115,M,716395
1962-07-01,27.0,MDiscus,-0.54,0.88379705401,62.45,62.45,0.932555830154,M,716422
1963-04-27,300.0,MDiscus,-0.81,1.31408176509,62.62,62.62,0.935094412878,M,716722
1964-04-25,364.0,MDiscus,-0.17,0.272217774219,62.94,62.94,0.939872921535,M,717086
1964-08-02,99.0,MDiscus,-0.32,0.51101884382,64.55,64.55,0.963914793218,M,717185
1965-10-12,436.0,MDiscus,-1.61,2.55799173816,65.22,65.22,0.973919795719,M,717621
1968-05-25,956.0,MDiscus,-0.67,1.03795507359,66.54,66.54,0.99363114393,M,718577
1968-09-18,116.0,MDiscus,-1.32,2.02391904324,68.4,68.4,1.0214062255,M,718693
1975-03-14,2368.0,MDiscus,-1.86,2.79531109107,68.48,68.48,1.02260085267,M,721061
1975-05-03,50.0,MDiscus,-0.08,0.116959064327,69.08,69.08,1.0315605564,M,721111
1976-04-24,357.0,MDiscus,-0.6,0.876168224299,69.18,69.18,1.03305384035,M,721468
1976-05-01,7.0,MDiscus,-0.1,0.1447596989,69.8,69.8,1.04231220088,M,721475
1976-05-01,0.0,MDiscus,-0.62,0.89621277826,70.24,70.24,1.04888265028,M,721475
1976-05-01,0.0,MDiscus,-0.44,0.630372492837,70.86,70.86,1.0581410108,M,721475
1978-08-09,830.0,MDiscus,-0.62,0.882687927107,71.16,71.16,1.06262086267,M,722305
1983-05-29,1754.0,MDiscus,-0.3,0.423370025402,71.86,71.86,1.07307385036,M,724059
1986-06-06,1104.0,MDiscus,-0.7,0.983698707139,74.08,74.08,1.10622475417,M,725163
1995-05-24,81.0,WHammer,-0.02,0.0299222022741,67.0,67.0,0.875885690381,W,728437
1995-06-05,12.0,WHammer,-0.14,0.209392760993,68.14,68.14,0.890788820038,W,728449
1995-06-05,0.0,WHammer,-1.14,1.70149253731,68.16,68.16,0.891050278453,W,728449
1996-05-12,342.0,WHammer,-0.02,0.0293513354858,69.42,69.42,0.907522158601,W,728791
1997-03-08,300.0,WHammer,-1.26,1.8485915493,69.58,69.58,0.909613825921,W,729091
1997-06-22,106.0,WHammer,-0.16,0.230481129358,71.22,71.22,0.931053415954,W,729197
1997-06-22,0.0,WHammer,-1.64,2.35699913768,73.1,73.1,0.955630506968,W,729197
1998-07-16,389.0,WHammer,-1.88,2.63970794721,73.14,73.14,0.956153423798,W,729586
1999-05-13,301.0,WHammer,-0.04,0.0547195622435,75.29,75.29,0.984260203415,W,729887
1999-05-13,0.0,WHammer,-2.15,2.93956795187,75.97,75.97,0.993149789526,W,729887
1999-08-29,108.0,WHammer,-0.68,0.90317439235,76.05,76.05,0.994195623186,W,729995
1999-08-29,0.0,WHammer,-0.08,0.10530472555,76.07,76.07,0.994457081601,W,729995
2005-07-15,2147.0,WHammer,-0.02,0.0262984878369,77.06,77.06,1.00739927315,W,732142
2006-06-12,332.0,WHammer,-0.99,1.30143289076,77.26,77.26,1.0100138573,W,732474
2006-06-24,12.0,WHammer,-0.2,0.25953802232,77.41,77.41,1.01197479541,W,732486
2006-08-15,52.0,WHammer,-0.15,0.194149624644,77.8,77.8,1.0170732345,W,732538
2009-08-22,1103.0,WHammer,-0.39,0.503810877148,77.96,77.96,1.01916490182,W,733641
2010-06-06,288.0,WHammer,-0.16,0.205655526992,78.3,78.3,1.02360969488,W,733929
2011-05-21,349.0,WHammer,-0.34,0.436121087737,79.42,79.42,1.03825136612,W,734278
2014-08-31,1198.0,WHammer,-1.12,1.43039591315,79.58,79.58,1.04034303344,W,735476
2015-06-27,300.0,WHammer,-0.16,0.201460589272,79.83,79.83,1.04361126363,W,735776
2015-08-01,35.0,WHammer,-0.25,0.31414928374,81.08,81.08,1.05995241457,W,735811
1927-08-06,70.0,WShot_put,-0.69,6.79802955665,11.32,11.32,0.561577576584,W,703674
1928-06-03,302.0,WShot_put,-0.48,4.42804428044,11.52,11.52,0.571499441895,W,703976
1928-07-15,42.0,WShot_put,-0.2,1.7667844523,11.96,11.96,0.593327545579,W,704018
1929-07-21,371.0,WShot_put,-0.44,3.81944444444,12.85,12.85,0.637479846211,W,704389
1931-06-28,707.0,WShot_put,-0.89,7.44147157191,12.88,12.88,0.638968126008,W,705096
1931-08-16,49.0,WShot_put,-0.03,0.233463035019,13.7,13.7,0.679647773781,W,705145
1934-07-15,1064.0,WShot_put,-0.82,6.36645962733,14.38,14.38,0.713382115838,W,706209
1948-08-04,5134.0,WShot_put,-0.68,4.96350364964,14.59,14.59,0.723800074414,W,711343
1949-10-30,452.0,WShot_put,-0.21,1.46036161335,14.86,14.86,0.737194592583,W,711795
1950-11-09,375.0,WShot_put,-0.27,1.85058259082,15.02,15.02,0.745132084832,W,712170
1952-07-26,625.0,WShot_put,-0.16,1.07671601615,15.28,15.28,0.758030509736,W,712795
1952-09-20,56.0,WShot_put,-0.26,1.7310252996,15.37,15.37,0.762495349126,W,712851
1952-10-01,11.0,WShot_put,-0.09,0.589005235602,15.42,15.42,0.764975815453,W,712862
1953-10-09,373.0,WShot_put,-0.05,0.325309043591,16.2,16.2,0.803671090165,W,713235
1954-09-14,340.0,WShot_put,-0.78,5.05836575875,16.28,16.28,0.807639836289,W,713575
1955-11-15,427.0,WShot_put,-0.08,0.493827160494,16.67,16.67,0.826987473645,W,714002
1956-10-13,333.0,WShot_put,-0.39,2.39557739558,16.76,16.76,0.831452313035,W,714335
1959-04-26,925.0,WShot_put,-0.09,0.539892021596,17.25,17.25,0.855760883046,W,715260
1960-07-16,447.0,WShot_put,-0.49,2.92362768496,17.42,17.42,0.86419446856,W,715707
1960-08-13,28.0,WShot_put,-0.17,0.985507246377,17.78,17.78,0.882053826119,W,715735
1962-06-10,666.0,WShot_put,-0.36,2.06659012629,18.55,18.55,0.920253007565,W,716401
1965-09-19,1197.0,WShot_put,-0.77,4.33070866142,18.59,18.59,0.922237380628,W,717598
1968-04-28,952.0,WShot_put,-0.04,0.215633423181,18.67,18.67,0.926206126752,W,718550
1968-09-22,147.0,WShot_put,-0.08,0.430338891877,18.87,18.87,0.936127992063,W,718697
1968-10-20,28.0,WShot_put,-0.2,1.07123727906,19.07,19.07,0.946049857373,W,718725
1968-10-20,0.0,WShot_put,-0.2,1.05988341282,19.61,19.61,0.972838893712,W,718725
1969-05-30,222.0,WShot_put,-0.54,2.83167278448,19.72,19.72,0.978295919633,W,718947
1969-07-13,44.0,WShot_put,-0.11,0.560938296787,20.09,20.09,0.996651370458,W,718991
1969-09-11,60.0,WShot_put,-0.37,1.87626774848,20.1,20.1,0.997147463723,W,719051
1969-09-16,5.0,WShot_put,-0.01,0.0497760079642,20.43,20.43,1.01351854149,W,719056
1972-05-19,976.0,WShot_put,-0.33,1.64179104478,20.63,20.63,1.0234404068,W,720032
1972-09-07,111.0,WShot_put,-0.2,0.978952520803,21.03,21.03,1.04328413742,W,720143
1973-08-28,355.0,WShot_put,-0.4,1.93892389724,21.2,21.2,1.05171772293,W,720498
1975-08-06,708.0,WShot_put,-0.17,0.808368996671,21.6,21.6,1.07156145355,W,721206
1976-05-30,298.0,WShot_put,-0.4,1.88679245283,21.67,21.67,1.07503410641,W,721504
1976-07-03,34.0,WShot_put,-0.07,0.324074074074,21.87,21.87,1.08495597172,W,721538
1976-07-04,1.0,WShot_put,-0.2,0.922934933087,21.89,21.89,1.08594815825,W,721539
1976-09-26,84.0,WShot_put,-0.02,0.0914494741655,21.99,21.99,1.09090909091,W,721623
1977-08-20,328.0,WShot_put,-0.1,0.456829602558,22.32,22.32,1.10728016867,W,721951
1980-05-02,986.0,WShot_put,-0.33,1.50068212824,22.36,22.36,1.10926454173,W,722937
1980-05-11,9.0,WShot_put,-0.04,0.179211469534,22.45,22.45,1.11372938112,W,722946
1984-05-27,1477.0,WShot_put,-0.09,0.402504472272,22.53,22.53,1.11769812725,W,724423
1987-06-07,1106.0,WShot_put,-0.08,0.356347438753,22.6,22.6,1.12117078011,W,725529
1987-06-07,0.0,WShot_put,-0.07,0.310696848646,22.63,22.63,1.1226590599,W,725529
1924-07-21,7.0,WDiscus,-0.31,1.13179992698,28.32,28.32,0.416415474423,W,702563
1924-09-14,55.0,WDiscus,-0.62,2.23826714801,30.22,30.22,0.444352953286,W,702618
1925-10-11,392.0,WDiscus,-1.9,6.70903954802,31.15,31.15,0.458027613992,W,703010
1926-05-23,224.0,WDiscus,-0.93,3.07743216413,34.15,34.15,0.502139422723,W,703234
1926-08-22,91.0,WDiscus,-3.0,9.63081861958,38.34,38.34,0.563748915585,W,703325
1927-09-04,378.0,WDiscus,-4.19,12.2693997072,39.18,39.18,0.576100222029,W,703703
1928-07-31,331.0,WDiscus,-0.84,2.19092331768,39.62,39.62,0.582569953977,W,704034
1932-05-15,1384.0,WDiscus,-0.44,1.12302194997,40.34,40.34,0.593156788072,W,705418
1932-05-16,1.0,WDiscus,-0.72,1.81726400808,40.39,40.39,0.593891984884,W,705419
1932-06-19,34.0,WDiscus,-0.05,0.123946455131,40.84,40.84,0.600508756194,W,705453
1932-06-19,0.0,WDiscus,-0.45,1.11413716266,42.43,42.43,0.623888014822,W,705453
1933-07-15,391.0,WDiscus,-1.59,3.89324191969,43.08,43.08,0.63344557338,W,705844
1934-08-11,392.0,WDiscus,-0.65,1.53193495169,43.79,43.79,0.643885368113,W,706236
1935-06-02,295.0,WDiscus,-0.71,1.64809656453,44.34,44.34,0.651972533047,W,706531
1935-06-04,2.0,WDiscus,-0.55,1.2559945193,44.76,44.76,0.658148186269,W,706533
1935-06-23,19.0,WDiscus,-0.42,0.947225981055,45.53,45.53,0.669470217177,W,706552
1935-06-29,6.0,WDiscus,-0.77,1.72028596962,46.1,46.1,0.677851460836,W,706558
1935-08-25,57.0,WDiscus,-0.57,1.2519218098,47.12,47.12,0.692849475805,W,706615
1936-07-11,321.0,WDiscus,-1.02,2.2125813449,48.31,48.31,0.710347159935,W,706936
1948-08-08,4411.0,WDiscus,-1.19,2.52546689304,53.25,53.25,0.782984604979,W,711347
1951-05-27,1022.0,WDiscus,-4.94,10.2256261644,53.37,53.37,0.784749077328,W,712369
1952-08-09,440.0,WDiscus,-0.12,0.225352112676,53.61,53.61,0.788278022026,W,712809
1952-10-18,70.0,WDiscus,-0.24,0.449690837549,57.04,57.04,0.838712523342,W,712879
1960-09-12,2886.0,WDiscus,-3.43,6.39806006342,57.15,57.15,0.840329956329,W,715765
1961-07-15,306.0,WDiscus,-0.11,0.192847124825,57.43,57.43,0.844447058478,W,716071
1961-09-01,48.0,WDiscus,-0.28,0.489938757655,58.06,58.06,0.853710538311,W,716119
1961-09-20,19.0,WDiscus,-0.63,1.09698763712,58.98,58.98,0.867238159655,W,716138
1963-05-18,605.0,WDiscus,-0.92,1.5845676886,59.29,59.29,0.871796379891,W,716743
1965-08-11,816.0,WDiscus,-0.31,0.525601898949,59.7,59.7,0.877824993751,W,717559
1967-11-05,816.0,WDiscus,-0.41,0.691516275932,61.26,61.26,0.900763134291,W,718375
1968-05-26,203.0,WDiscus,-1.56,2.61306532663,61.64,61.64,0.906350630064,W,718578
1968-07-24,59.0,WDiscus,-0.38,0.620306888671,62.54,62.54,0.919584172683,W,718637
1969-06-18,329.0,WDiscus,-0.9,1.4600908501,62.7,62.7,0.921936802482,W,718966
1969-09-27,101.0,WDiscus,-0.16,0.255836264791,63.96,63.96,0.940463762149,W,719067
1971-08-12,684.0,WDiscus,-1.26,2.00956937799,64.22,64.22,0.944286785572,W,719751
1971-09-04,23.0,WDiscus,-0.26,0.406504065041,64.88,64.88,0.953991383493,W,719774
1972-05-31,270.0,WDiscus,-0.66,1.02771722205,65.42,65.42,0.961931509065,W,720044
1972-06-24,24.0,WDiscus,-0.54,0.832305795314,65.48,65.48,0.96281374524,W,720068
1972-08-04,41.0,WDiscus,-0.06,0.0917150718435,66.76,66.76,0.981634783632,W,720109
1972-09-23,50.0,WDiscus,-1.28,1.95479535736,67.32,67.32,0.989868987928,W,720159
1973-05-25,244.0,WDiscus,-0.56,0.838825644098,67.44,67.44,0.991633460277,W,720403
1973-07-10,46.0,WDiscus,-0.12,0.17825311943,67.58,67.58,0.993692011351,W,720449
1973-09-07,59.0,WDiscus,-0.14,0.207591933571,69.48,69.48,1.02162949021,W,720508
1974-05-27,262.0,WDiscus,-1.9,2.81148268719,69.9,69.9,1.02780514344,W,720770
1975-08-20,450.0,WDiscus,-0.42,0.604490500864,70.2,70.2,1.03221632431,W,721220
1976-04-24,248.0,WDiscus,-0.3,0.429184549356,70.5,70.5,1.03662750518,W,721468
1978-08-12,840.0,WDiscus,-0.3,0.42735042735,70.72,70.72,1.03986237116,W,722308
1980-05-10,637.0,WDiscus,-0.22,0.312056737589,71.5,71.5,1.05133144143,W,722945
1980-07-13,64.0,WDiscus,-0.78,1.10294117647,71.8,71.8,1.0557426223,W,723009
1983-05-22,1043.0,WDiscus,-0.3,0.41958041958,73.26,73.26,1.07721036922,W,724052
1984-08-17,453.0,WDiscus,-1.46,2.03342618384,73.36,73.36,1.07868076284,W,724505
1984-08-26,9.0,WDiscus,-0.1,0.1365001365,74.56,74.56,1.09632548633,W,724514
1988-07-09,1413.0,WDiscus,-1.2,1.63576881134,76.8,76.8,1.12926230352,W,725927
